{
  "version": 1,
  "author": "Lucas Pereira",
  "editor": "wokwi",
  "parts": [
    { "type": "wokwi-esp32-devkit-v1", "id": "esp", "top": 0, "left": 0, "attrs": {} },
    {
      "type": "wokwi-led",
      "id": "led1",
      "top": 70.62,
      "left": 146.06,
      "attrs": { "color": "red" }
    },
    { "type": "wokwi-led", "id": "led2", "top": 73, "left": -72.65, "attrs": { "color": "cyan" } },
    {
      "type": "wokwi-led",
      "id": "led3",
      "top": -16.24,
      "left": -74.5,
      "attrs": { "color": "white" }
    },
    {
      "type": "wokwi-led",
      "id": "led4",
      "top": -7.18,
      "left": 144.5,
      "attrs": { "color": "green" }
    },
    {
      "type": "wokwi-pushbutton",
      "id": "btn1",
      "top": 142.95,
      "left": 239.42,
      "attrs": { "color": "green" }
    },
    {
      "type": "wokwi-pushbutton",
      "id": "btn2",
      "top": 185.22,
      "left": 317.59,
      "attrs": { "color": "red" }
    },
    {
      "type": "wokwi-photoresistor-sensor",
      "id": "ldr1",
      "top": 215.31,
      "left": -92.83,
      "attrs": {}
    },
    {
      "type": "wokwi-buzzer",
      "id": "bz1",
      "top": -19.89,
      "left": 286.69,
      "attrs": { "volume": "0.1" }
    }
  ],
  "connections": [
    [ "esp:TX0", "$serialMonitor:RX", "", [] ],
    [ "esp:RX0", "$serialMonitor:TX", "", [] ],
    [ "led3:A", "esp:D25", "white", [ "v41.77", "h13.25", "v23.77" ] ],
    [ "led2:A", "esp:D27", "cyan", [ "v3.46", "h75.19" ] ],
    [ "led1:A", "esp:D2", "red", [ "v0" ] ],
    [ "led4:A", "esp:D21", "green", [ "v0" ] ],
    [ "led3:C", "esp:GND.2", "black", [ "h-12.66", "v123.24" ] ],
    [ "led2:C", "esp:GND.2", "black", [ "v0" ] ],
    [ "led1:C", "esp:GND.1", "black", [ "v0" ] ],
    [ "led4:C", "esp:GND.1", "black", [ "v0" ] ],
    [ "btn2:1.l", "esp:D5", "green", [ "h0" ] ],
    [ "ldr1:GND", "esp:GND.1", "black", [ "h34.84", "v-92.31" ] ],
    [ "ldr1:AO", "esp:D13", "gold", [ "v32.62", "h-191.55", "v-153.93" ] ],
    [ "bz1:2", "esp:D4", "red", [ "v0" ] ],
    [ "bz1:1", "esp:GND.1", "black", [ "v0" ] ],
    [ "btn1:2.l", "esp:GND.1", "black", [ "h0" ] ],
    [ "btn2:2.l", "esp:GND.1", "black", [ "h0" ] ],
    [ "ldr1:VCC", "esp:3V3", "red", [ "h0" ] ],
    [ "btn1:1.l", "esp:D12", "green", [ "h0" ] ]
  ]
}